"0","dim(dsDataAll)"
"1","[1]"
"1"," 2919"
"1","   82"
"1","
"
"0","names(dsDataAll)"
"1"," [1]"
"1"," ""SalePrice""    "
"1"," ""indTrain""     "
"1"," ""Id""           "
"1"," ""MSSubClass""   "
"1"," ""MSZoning""     "
"1"," ""LotFrontage""  "
"1","
"
"1"," [7]"
"1"," ""LotArea""      "
"1"," ""Street""       "
"1"," ""Alley""        "
"1"," ""LotShape""     "
"1"," ""LandContour""  "
"1"," ""Utilities""    "
"1","
"
"1","[13]"
"1"," ""LotConfig""    "
"1"," ""LandSlope""    "
"1"," ""Neighborhood"" "
"1"," ""Condition1""   "
"1"," ""Condition2""   "
"1"," ""BldgType""     "
"1","
"
"1","[19]"
"1"," ""HouseStyle""   "
"1"," ""OverallQual""  "
"1"," ""OverallCond""  "
"1"," ""YearBuilt""    "
"1"," ""YearRemodAdd"" "
"1"," ""RoofStyle""    "
"1","
"
"1","[25]"
"1"," ""RoofMatl""     "
"1"," ""Exterior1st""  "
"1"," ""Exterior2nd""  "
"1"," ""MasVnrType""   "
"1"," ""MasVnrArea""   "
"1"," ""ExterQual""    "
"1","
"
"1","[31]"
"1"," ""ExterCond""    "
"1"," ""Foundation""   "
"1"," ""BsmtQual""     "
"1"," ""BsmtCond""     "
"1"," ""BsmtExposure"" "
"1"," ""BsmtFinType1"" "
"1","
"
"1","[37]"
"1"," ""BsmtFinSF1""   "
"1"," ""BsmtFinType2"" "
"1"," ""BsmtFinSF2""   "
"1"," ""BsmtUnfSF""    "
"1"," ""TotalBsmtSF""  "
"1"," ""Heating""      "
"1","
"
"1","[43]"
"1"," ""HeatingQC""    "
"1"," ""CentralAir""   "
"1"," ""Electrical""   "
"1"," ""X1stFlrSF""    "
"1"," ""X2ndFlrSF""    "
"1"," ""LowQualFinSF"" "
"1","
"
"1","[49]"
"1"," ""GrLivArea""    "
"1"," ""BsmtFullBath"" "
"1"," ""BsmtHalfBath"" "
"1"," ""FullBath""     "
"1"," ""HalfBath""     "
"1"," ""BedroomAbvGr"" "
"1","
"
"1","[55]"
"1"," ""KitchenAbvGr"" "
"1"," ""KitchenQual""  "
"1"," ""TotRmsAbvGrd"" "
"1"," ""Functional""   "
"1"," ""Fireplaces""   "
"1"," ""FireplaceQu""  "
"1","
"
"1","[61]"
"1"," ""GarageType""   "
"1"," ""GarageYrBlt""  "
"1"," ""GarageFinish"" "
"1"," ""GarageCars""   "
"1"," ""GarageArea""   "
"1"," ""GarageQual""   "
"1","
"
"1","[67]"
"1"," ""GarageCond""   "
"1"," ""PavedDrive""   "
"1"," ""WoodDeckSF""   "
"1"," ""OpenPorchSF""  "
"1"," ""EnclosedPorch"""
"1"," ""X3SsnPorch""   "
"1","
"
"1","[73]"
"1"," ""ScreenPorch""  "
"1"," ""PoolArea""     "
"1"," ""PoolQC""       "
"1"," ""Fence""        "
"1"," ""MiscFeature""  "
"1"," ""MiscVal""      "
"1","
"
"1","[79]"
"1"," ""MoSold""       "
"1"," ""YrSold""       "
"1"," ""SaleType""     "
"1"," ""SaleCondition"""
"1","
"
"0","str(dsDataAll) #glimpse(dsDataAll)"
"1","'data.frame':	"
"1",""
"1","2919"
"1",""
"1"," obs. of  "
"1",""
"1","82"
"1",""
"1"," variable"
"1",""
"1","s"
"1",""
"1",":"
"1",""
"1","
"
"1"," "
"1",""
"1","$ "
"1",""
"1","SalePrice    "
"1",""
"1",":"
"1"," int  "
"1",""
"1","208500 181500 223500 140000 250000 143000 307000 200000 129900 118000"
"1",""
"1"," ..."
"1",""
"1","
"
"1"," "
"1",""
"1","$ "
"1",""
"1","indTrain     "
"1",""
"1",":"
"1"," Factor w/ 2 levels ""0"",""1"": "
"1",""
"1","2 2 2 2 2 2 2 2 2 2"
"1",""
"1"," ..."
"1",""
"1","
"
"1"," "
"1",""
"1","$ "
"1",""
"1","Id           "
"1",""
"1",":"
"1"," int  "
"1",""
"1","1 2 3 4 5 6 7 8 9 10"
"1",""
"1"," ..."
"1",""
"1","
"
"1"," "
"1",""
"1","$ "
"1",""
"1","MSSubClass   "
"1",""
"1",":"
"1"," int  "
"1",""
"1","60 20 60 70 60 50 20 60 50 190"
"1",""
"1"," ..."
"1",""
"1","
"
"1"," "
"1",""
"1","$ "
"1",""
"1","MSZoning     "
"1",""
"1",":"
"1"," Factor w/ 5 levels ""C (all)"",""FV"",..: "
"1",""
"1","4 4 4 4 4 4 4 4 5 4"
"1",""
"1"," ..."
"1",""
"1","
"
"1"," "
"1",""
"1","$ "
"1",""
"1","LotFrontage  "
"1",""
"1",":"
"1"," int  "
"1",""
"1","65 80 68 60 84 85 75 NA 51 50"
"1",""
"1"," ..."
"1",""
"1","
"
"1"," "
"1",""
"1","$ "
"1",""
"1","LotArea      "
"1",""
"1",":"
"1"," int  "
"1",""
"1","8450 9600 11250 9550 14260 14115 10084 10382 6120 7420"
"1",""
"1"," ..."
"1",""
"1","
"
"1"," "
"1",""
"1","$ "
"1",""
"1","Street       "
"1",""
"1",":"
"1"," Factor w/ 2 levels ""Grvl"",""Pave"": "
"1",""
"1","2 2 2 2 2 2 2 2 2 2"
"1",""
"1"," ..."
"1",""
"1","
"
"1"," "
"1",""
"1","$ "
"1",""
"1","Alley        "
"1",""
"1",":"
"1"," Factor w/ 2 levels ""Grvl"",""Pave"": "
"1",""
"1","NA NA NA NA NA NA NA NA NA NA"
"1",""
"1"," ..."
"1",""
"1","
"
"1"," "
"1",""
"1","$ "
"1",""
"1","LotShape     "
"1",""
"1",":"
"1"," Factor w/ 4 levels ""IR1"",""IR2"",""IR3"",..: "
"1",""
"1","4 4 1 1 1 1 4 1 4 4"
"1",""
"1"," ..."
"1",""
"1","
"
"1"," "
"1",""
"1","$ "
"1",""
"1","LandContour  "
"1",""
"1",":"
"1"," Factor w/ 4 levels ""Bnk"",""HLS"",""Low"",..: "
"1",""
"1","4 4 4 4 4 4 4 4 4 4"
"1",""
"1"," ..."
"1",""
"1","
"
"1"," "
"1",""
"1","$ "
"1",""
"1","Utilities    "
"1",""
"1",":"
"1"," chr  "
"1",""
"1","""AllPub"" ""AllPub"" ""AllPub"" ""AllPub"""
"1",""
"1"," ..."
"1",""
"1","
"
"1"," "
"1",""
"1","$ "
"1",""
"1","LotConfig    "
"1",""
"1",":"
"1"," Factor w/ 5 levels ""Corner"",""CulDSac"",..: "
"1",""
"1","5 3 5 1 3 5 5 1 5 1"
"1",""
"1"," ..."
"1",""
"1","
"
"1"," "
"1",""
"1","$ "
"1",""
"1","LandSlope    "
"1",""
"1",":"
"1"," Factor w/ 3 levels ""Gtl"",""Mod"",""Sev"": "
"1",""
"1","1 1 1 1 1 1 1 1 1 1"
"1",""
"1"," ..."
"1",""
"1","
"
"1"," "
"1",""
"1","$ "
"1",""
"1","Neighborhood "
"1",""
"1",":"
"1"," Factor w/ 25 levels ""Blmngtn"",""Blueste"",..: "
"1",""
"1","6 25 6 7 14 12 21 17 18 4"
"1",""
"1"," ..."
"1",""
"1","
"
"1"," "
"1",""
"1","$ "
"1",""
"1","Condition1   "
"1",""
"1",":"
"1"," Factor w/ 9 levels ""Artery"",""Feedr"",..: "
"1",""
"1","3 2 3 3 3 3 3 5 1 1"
"1",""
"1"," ..."
"1",""
"1","
"
"1"," "
"1",""
"1","$ "
"1",""
"1","Condition2   "
"1",""
"1",":"
"1"," chr  "
"1",""
"1","""Norm"" ""Norm"" ""Norm"" ""Norm"""
"1",""
"1"," ..."
"1",""
"1","
"
"1"," "
"1",""
"1","$ "
"1",""
"1","BldgType     "
"1",""
"1",":"
"1"," Factor w/ 5 levels ""1Fam"",""2fmCon"",..: "
"1",""
"1","1 1 1 1 1 1 1 1 1 2"
"1",""
"1"," ..."
"1",""
"1","
"
"1"," "
"1",""
"1","$ "
"1",""
"1","HouseStyle   "
"1",""
"1",":"
"1"," chr  "
"1",""
"1","""2Story"" ""1Story"" ""2Story"" ""2Story"""
"1",""
"1"," ..."
"1",""
"1","
"
"1"," "
"1",""
"1","$ "
"1",""
"1","OverallQual  "
"1",""
"1",":"
"1"," int  "
"1",""
"1","7 6 7 7 8 5 8 7 7 5"
"1",""
"1"," ..."
"1",""
"1","
"
"1"," "
"1",""
"1","$ "
"1",""
"1","OverallCond  "
"1",""
"1",":"
"1"," int  "
"1",""
"1","5 8 5 5 5 5 5 6 5 6"
"1",""
"1"," ..."
"1",""
"1","
"
"1"," "
"1",""
"1","$ "
"1",""
"1","YearBuilt    "
"1",""
"1",":"
"1"," int  "
"1",""
"1","2003 1976 2001 1915 2000 1993 2004 1973 1931 1939"
"1",""
"1"," ..."
"1",""
"1","
"
"1"," "
"1",""
"1","$ "
"1",""
"1","YearRemodAdd "
"1",""
"1",":"
"1"," int  "
"1",""
"1","2003 1976 2002 1970 2000 1995 2005 1973 1950 1950"
"1",""
"1"," ..."
"1",""
"1","
"
"1"," "
"1",""
"1","$ "
"1",""
"1","RoofStyle    "
"1",""
"1",":"
"1"," Factor w/ 6 levels ""Flat"",""Gable"",..: "
"1",""
"1","2 2 2 2 2 2 2 2 2 2"
"1",""
"1"," ..."
"1",""
"1","
"
"1"," "
"1",""
"1","$ "
"1",""
"1","RoofMatl     "
"1",""
"1",":"
"1"," chr  "
"1",""
"1","""CompShg"" ""CompShg"" ""CompShg"" ""CompShg"""
"1",""
"1"," ..."
"1",""
"1","
"
"1"," "
"1",""
"1","$ "
"1",""
"1","Exterior1st  "
"1",""
"1",":"
"1"," chr  "
"1",""
"1","""VinylSd"" ""MetalSd"" ""VinylSd"" ""Wd Sdng"""
"1",""
"1"," ..."
"1",""
"1","
"
"1"," "
"1",""
"1","$ "
"1",""
"1","Exterior2nd  "
"1",""
"1",":"
"1"," chr  "
"1",""
"1","""VinylSd"" ""MetalSd"" ""VinylSd"" ""Wd Shng"""
"1",""
"1"," ..."
"1",""
"1","
"
"1"," "
"1",""
"1","$ "
"1",""
"1","MasVnrType   "
"1",""
"1",":"
"1"," Factor w/ 4 levels ""BrkCmn"",""BrkFace"",..: "
"1",""
"1","2 3 2 3 2 3 4 4 3 3"
"1",""
"1"," ..."
"1",""
"1","
"
"1"," "
"1",""
"1","$ "
"1",""
"1","MasVnrArea   "
"1",""
"1",":"
"1"," int  "
"1",""
"1","196 0 162 0 350 0 186 240 0 0"
"1",""
"1"," ..."
"1",""
"1","
"
"1"," "
"1",""
"1","$ "
"1",""
"1","ExterQual    "
"1",""
"1",":"
"1"," Factor w/ 4 levels ""Ex"",""Fa"",""Gd"",..: "
"1",""
"1","3 4 3 4 3 4 3 4 4 4"
"1",""
"1"," ..."
"1",""
"1","
"
"1"," "
"1",""
"1","$ "
"1",""
"1","ExterCond    "
"1",""
"1",":"
"1"," Factor w/ 5 levels ""Ex"",""Fa"",""Gd"",..: "
"1",""
"1","5 5 5 5 5 5 5 5 5 5"
"1",""
"1"," ..."
"1",""
"1","
"
"1"," "
"1",""
"1","$ "
"1",""
"1","Foundation   "
"1",""
"1",":"
"1"," Factor w/ 6 levels ""BrkTil"",""CBlock"",..: "
"1",""
"1","3 2 3 1 3 6 3 2 1 1"
"1",""
"1"," ..."
"1",""
"1","
"
"1"," "
"1",""
"1","$ "
"1",""
"1","BsmtQual     "
"1",""
"1",":"
"1"," Factor w/ 4 levels ""Ex"",""Fa"",""Gd"",..: "
"1",""
"1","3 3 3 4 3 3 1 3 4 4"
"1",""
"1"," ..."
"1",""
"1","
"
"1"," "
"1",""
"1","$ "
"1",""
"1","BsmtCond     "
"1",""
"1",":"
"1"," Factor w/ 4 levels ""Fa"",""Gd"",""Po"",..: "
"1",""
"1","4 4 4 2 4 4 4 4 4 4"
"1",""
"1"," ..."
"1",""
"1","
"
"1"," "
"1",""
"1","$ "
"1",""
"1","BsmtExposure "
"1",""
"1",":"
"1"," Factor w/ 4 levels ""Av"",""Gd"",""Mn"",..: "
"1",""
"1","4 2 3 4 1 4 1 3 4 4"
"1",""
"1"," ..."
"1",""
"1","
"
"1"," "
"1",""
"1","$ "
"1",""
"1","BsmtFinType1 "
"1",""
"1",":"
"1"," Factor w/ 6 levels ""ALQ"",""BLQ"",""GLQ"",..: "
"1",""
"1","3 1 3 1 3 3 3 1 6 3"
"1",""
"1"," ..."
"1",""
"1","
"
"1"," "
"1",""
"1","$ "
"1",""
"1","BsmtFinSF1   "
"1",""
"1",":"
"1"," int  "
"1",""
"1","706 978 486 216 655 732 1369 859 0 851"
"1",""
"1"," ..."
"1",""
"1","
"
"1"," "
"1",""
"1","$ "
"1",""
"1","BsmtFinType2 "
"1",""
"1",":"
"1"," Factor w/ 6 levels ""ALQ"",""BLQ"",""GLQ"",..: "
"1",""
"1","6 6 6 6 6 6 6 2 6 6"
"1",""
"1"," ..."
"1",""
"1","
"
"1"," "
"1",""
"1","$ "
"1",""
"1","BsmtFinSF2   "
"1",""
"1",":"
"1"," int  "
"1",""
"1","0 0 0 0 0 0 0 32 0 0"
"1",""
"1"," ..."
"1",""
"1","
"
"1"," "
"1",""
"1","$ "
"1",""
"1","BsmtUnfSF    "
"1",""
"1",":"
"1"," int  "
"1",""
"1","150 284 434 540 490 64 317 216 952 140"
"1",""
"1"," ..."
"1",""
"1","
"
"1"," "
"1",""
"1","$ "
"1",""
"1","TotalBsmtSF  "
"1",""
"1",":"
"1"," int  "
"1",""
"1","856 1262 920 756 1145 796 1686 1107 952 991"
"1",""
"1"," ..."
"1",""
"1","
"
"1"," "
"1",""
"1","$ "
"1",""
"1","Heating      "
"1",""
"1",":"
"1"," chr  "
"1",""
"1","""GasA"" ""GasA"" ""GasA"" ""GasA"""
"1",""
"1"," ..."
"1",""
"1","
"
"1"," "
"1",""
"1","$ "
"1",""
"1","HeatingQC    "
"1",""
"1",":"
"1"," Factor w/ 5 levels ""Ex"",""Fa"",""Gd"",..: "
"1",""
"1","1 1 1 3 1 1 1 1 3 1"
"1",""
"1"," ..."
"1",""
"1","
"
"1"," "
"1",""
"1","$ "
"1",""
"1","CentralAir   "
"1",""
"1",":"
"1"," Factor w/ 2 levels ""N"",""Y"": "
"1",""
"1","2 2 2 2 2 2 2 2 2 2"
"1",""
"1"," ..."
"1",""
"1","
"
"1"," "
"1",""
"1","$ "
"1",""
"1","Electrical   "
"1",""
"1",":"
"1"," chr  "
"1",""
"1","""SBrkr"" ""SBrkr"" ""SBrkr"" ""SBrkr"""
"1",""
"1"," ..."
"1",""
"1","
"
"1"," "
"1",""
"1","$ "
"1",""
"1","X1stFlrSF    "
"1",""
"1",":"
"1"," int  "
"1",""
"1","856 1262 920 961 1145 796 1694 1107 1022 1077"
"1",""
"1"," ..."
"1",""
"1","
"
"1"," "
"1",""
"1","$ "
"1",""
"1","X2ndFlrSF    "
"1",""
"1",":"
"1"," int  "
"1",""
"1","854 0 866 756 1053 566 0 983 752 0"
"1",""
"1"," ..."
"1",""
"1","
"
"1"," "
"1",""
"1","$ "
"1",""
"1","LowQualFinSF "
"1",""
"1",":"
"1"," int  "
"1",""
"1","0 0 0 0 0 0 0 0 0 0"
"1",""
"1"," ..."
"1",""
"1","
"
"1"," "
"1",""
"1","$ "
"1",""
"1","GrLivArea    "
"1",""
"1",":"
"1"," int  "
"1",""
"1","1710 1262 1786 1717 2198 1362 1694 2090 1774 1077"
"1",""
"1"," ..."
"1",""
"1","
"
"1"," "
"1",""
"1","$ "
"1",""
"1","BsmtFullBath "
"1",""
"1",":"
"1"," int  "
"1",""
"1","1 0 1 1 1 1 1 1 0 1"
"1",""
"1"," ..."
"1",""
"1","
"
"1"," "
"1",""
"1","$ "
"1",""
"1","BsmtHalfBath "
"1",""
"1",":"
"1"," int  "
"1",""
"1","0 1 0 0 0 0 0 0 0 0"
"1",""
"1"," ..."
"1",""
"1","
"
"1"," "
"1",""
"1","$ "
"1",""
"1","FullBath     "
"1",""
"1",":"
"1"," int  "
"1",""
"1","2 2 2 1 2 1 2 2 2 1"
"1",""
"1"," ..."
"1",""
"1","
"
"1"," "
"1",""
"1","$ "
"1",""
"1","HalfBath     "
"1",""
"1",":"
"1"," int  "
"1",""
"1","1 0 1 0 1 1 0 1 0 0"
"1",""
"1"," ..."
"1",""
"1","
"
"1"," "
"1",""
"1","$ "
"1",""
"1","BedroomAbvGr "
"1",""
"1",":"
"1"," int  "
"1",""
"1","3 3 3 3 4 1 3 3 2 2"
"1",""
"1"," ..."
"1",""
"1","
"
"1"," "
"1",""
"1","$ "
"1",""
"1","KitchenAbvGr "
"1",""
"1",":"
"1"," int  "
"1",""
"1","1 1 1 1 1 1 1 1 2 2"
"1",""
"1"," ..."
"1",""
"1","
"
"1"," "
"1",""
"1","$ "
"1",""
"1","KitchenQual  "
"1",""
"1",":"
"1"," Factor w/ 4 levels ""Ex"",""Fa"",""Gd"",..: "
"1",""
"1","3 4 3 3 3 4 3 4 4 4"
"1",""
"1"," ..."
"1",""
"1","
"
"1"," "
"1",""
"1","$ "
"1",""
"1","TotRmsAbvGrd "
"1",""
"1",":"
"1"," int  "
"1",""
"1","8 6 6 7 9 5 7 7 8 5"
"1",""
"1"," ..."
"1",""
"1","
"
"1"," "
"1",""
"1","$ "
"1",""
"1","Functional   "
"1",""
"1",":"
"1"," Factor w/ 7 levels ""Maj1"",""Maj2"",..: "
"1",""
"1","7 7 7 7 7 7 7 7 3 7"
"1",""
"1"," ..."
"1",""
"1","
"
"1"," "
"1",""
"1","$ "
"1",""
"1","Fireplaces   "
"1",""
"1",":"
"1"," int  "
"1",""
"1","0 1 1 1 1 0 1 2 2 2"
"1",""
"1"," ..."
"1",""
"1","
"
"1"," "
"1",""
"1","$ "
"1",""
"1","FireplaceQu  "
"1",""
"1",":"
"1"," Factor w/ 5 levels ""Ex"",""Fa"",""Gd"",..: "
"1",""
"1","NA 5 5 3 5 NA 3 5 5 5"
"1",""
"1"," ..."
"1",""
"1","
"
"1"," "
"1",""
"1","$ "
"1",""
"1","GarageType   "
"1",""
"1",":"
"1"," Factor w/ 6 levels ""2Types"",""Attchd"",..: "
"1",""
"1","2 2 2 6 2 2 2 2 6 2"
"1",""
"1"," ..."
"1",""
"1","
"
"1"," "
"1",""
"1","$ "
"1",""
"1","GarageYrBlt  "
"1",""
"1",":"
"1"," int  "
"1",""
"1","2003 1976 2001 1998 2000 1993 2004 1973 1931 1939"
"1",""
"1"," ..."
"1",""
"1","
"
"1"," "
"1",""
"1","$ "
"1",""
"1","GarageFinish "
"1",""
"1",":"
"1"," Factor w/ 3 levels ""Fin"",""RFn"",""Unf"": "
"1",""
"1","2 2 2 3 2 3 2 2 3 2"
"1",""
"1"," ..."
"1",""
"1","
"
"1"," "
"1",""
"1","$ "
"1",""
"1","GarageCars   "
"1",""
"1",":"
"1"," int  "
"1",""
"1","2 2 2 3 3 2 2 2 2 1"
"1",""
"1"," ..."
"1","MiscVal      "
"1",""
"1",":"
"1"," int  "
"1",""
"1","0 0 0 0 0 700 0 350 0 0"
"1",""
"1"," ..."
"1",""
"1","
"
"1"," "
"1",""
"1","$ "
"1",""
"1","MoSold       "
"1",""
"1",":"
"1"," int  "
"1",""
"1","2 5 9 2 12 10 8 11 4 1"
"1",""
"1"," ..."
"1",""
"1","
"
"1"," "
"1",""
"1","$ "
"1",""
"1","YrSold       "
"1",""
"1",":"
"1"," int  "
"1",""
"1","2008 2007 2008 2006 2008 2009 2007 2009 2008 2008"
"1",""
"1"," ..."
"1",""
"1","
"
"1"," "
"1",""
"1","$ "
"1",""
"1","SaleType     "
"1",""
"1",":"
"1"," Factor w/ 9 levels ""COD"",""Con"",""ConLD"",..: "
"1",""
"1","9 9 9 9 9 9 9 9 9 9"
"1",""
"1"," ..."
"1",""
"1","
"
"1"," "
"1",""
"1","$ "
"1",""
"1","SaleCondition"
"1",""
"1",":"
"1"," Factor w/ 6 levels ""Abnorml"",""AdjLand"",..: "
"1",""
"1","5 5 5 1 5 5 5 5 1 5"
"1",""
"1"," ..."
"1",""
"1","
"
"0","summary(dsDataAll)"
"1",""
"1","   SalePrice     "
"1"," indTrain"
"1","       Id        "
"1","   MSSubClass    "
"1","    MSZoning   "
"1","  LotFrontage    "
"1","
"
"1"," Min.   : 34900  "
"1"," 0:1459  "
"1"," Min.   :   1.0  "
"1"," Min.   : 20.00  "
"1"," C (all):  25  "
"1"," Min.   : 21.00  "
"1","
"
"1"," 1st Qu.:129975  "
"1"," 1:1460  "
"1"," 1st Qu.: 730.5  "
"1"," 1st Qu.: 20.00  "
"1"," FV     : 139  "
"1"," 1st Qu.: 59.00  "
"1","
"
"1"," Median :163000  "
"1","         "
"1"," Median :1460.0  "
"1"," Median : 50.00  "
"1"," RH     :  26  "
"1"," Median : 68.00  "
"1","
"
"1"," Mean   :180921  "
"1","         "
"1"," Mean   :1460.0  "
"1"," Mean   : 57.14  "
"1"," RL     :2265  "
"1"," Mean   : 69.31  "
"1","
"
"1"," 3rd Qu.:214000  "
"1","         "
"1"," 3rd Qu.:2189.5  "
"1"," 3rd Qu.: 70.00  "
"1"," RM     : 460  "
"1"," 3rd Qu.: 80.00  "
"1","
"
"1"," Max.   :755000  "
"1","         "
"1"," Max.   :2919.0  "
"1"," Max.   :190.00  "
"1"," NA's   :   4  "
"1"," Max.   :313.00  "
"1","
"
"1"," NA's   :1459    "
"1","         "
"1","                 "
"1","                 "
"1","               "
"1"," NA's   :486     "
"1","
"
"1",""
"1","    LotArea      "
"1","  Street    "
"1","  Alley     "
"1"," LotShape  "
"1"," LandContour"
"1","  Utilities        "
"1","   LotConfig   "
"1","
"
"1"," Min.   :  1300  "
"1"," Grvl:  12  "
"1"," Grvl: 120  "
"1"," IR1: 968  "
"1"," Bnk: 117   "
"1"," Length:2919       "
"1"," Corner : 511  "
"1","
"
"1"," 1st Qu.:  7478  "
"1"," Pave:2907  "
"1"," Pave:  78  "
"1"," IR2:  76  "
"1"," HLS: 120   "
"1"," Class :character  "
"1"," CulDSac: 176  "
"1","
"
"1"," Median :  9453  "
"1","            "
"1"," NA's:2721  "
"1"," IR3:  16  "
"1"," Low:  60   "
"1"," Mode  :character  "
"1"," FR2    :  85  "
"1","
"
"1"," Mean   : 10168  "
"1","            "
"1","            "
"1"," Reg:1859  "
"1"," Lvl:2622   "
"1","                   "
"1"," FR3    :  14  "
"1","
"
"1"," 3rd Qu.: 11570  "
"1","            "
"1","            "
"1","           "
"1","            "
"1","                   "
"1"," Inside :2133  "
"1","
"
"1"," Max.   :215245  "
"1","            "
"1","            "
"1","           "
"1","            "
"1","                   "
"1","               "
"1","
"
"1","                 "
"1","            "
"1","            "
"1","           "
"1","            "
"1","                   "
"1","               "
"1","
"
"1",""
"1"," LandSlope "
"1","  Neighborhood "
"1","   Condition1  "
"1","  Condition2       "
"1","   BldgType   "
"1","  HouseStyle       "
"1","
"
"1"," Gtl:2778  "
"1"," NAmes  : 443  "
"1"," Norm   :2511  "
"1"," Length:2919       "
"1"," 1Fam  :2425  "
"1"," Length:2919       "
"1","
"
"1"," Mod: 125  "
"1"," CollgCr: 267  "
"1"," Feedr  : 164  "
"1"," Class :character  "
"1"," 2fmCon:  62  "
"1"," Class :character  "
"1","
"
"1"," Sev:  16  "
"1"," OldTown: 239  "
"1"," Artery :  92  "
"1"," Mode  :character  "
"1"," Duplex: 109  "
"1"," Mode  :character  "
"1","
"
"1","           "
"1"," Edwards: 194  "
"1"," RRAn   :  50  "
"1","                   "
"1"," Twnhs :  96  "
"1","                   "
"1","
"
"1","           "
"1"," Somerst: 182  "
"1"," PosN   :  39  "
"1","                   "
"1"," TwnhsE: 227  "
"1","                   "
"1","
"
"1","           "
"1"," NridgHt: 166  "
"1"," RRAe   :  28  "
"1","                   "
"1","              "
"1","                   "
"1","
"
"1","           "
"1"," (Other):1428  "
"1"," (Other):  35  "
"1","                   "
"1","              "
"1","                   "
"1","
"
"1",""
"1","  OverallQual    "
"1","  OverallCond   "
"1","   YearBuilt   "
"1","  YearRemodAdd "
"1","   RoofStyle   "
"1","   RoofMatl        "
"1","
"
"1"," Min.   : 1.000  "
"1"," Min.   :1.000  "
"1"," Min.   :1872  "
"1"," Min.   :1950  "
"1"," Flat   :  20  "
"1"," Length:2919       "
"1","
"
"1"," 1st Qu.: 5.000  "
"1"," 1st Qu.:5.000  "
"1"," 1st Qu.:1954  "
"1"," 1st Qu.:1965  "
"1"," Gable  :2310  "
"1"," Class :character  "
"1","
"
"1"," Median : 6.000  "
"1"," Median :5.000  "
"1"," Median :1973  "
"1"," Median :1993  "
"1"," Gambrel:  22  "
"1"," Mode  :character  "
"1","
"
"1"," Mean   : 6.089  "
"1"," Mean   :5.565  "
"1"," Mean   :1971  "
"1"," Mean   :1984  "
"1"," Hip    : 551  "
"1","                   "
"1","
"
"1"," 3rd Qu.: 7.000  "
"1"," 3rd Qu.:6.000  "
"1"," 3rd Qu.:2001  "
"1"," 3rd Qu.:2004  "
"1"," Mansard:  11  "
"1","                   "
"1","
"
"1"," Max.   :10.000  "
"1"," Max.   :9.000  "
"1"," Max.   :2010  "
"1"," Max.   :2010  "
"1"," Shed   :   5  "
"1","                   "
"1","
"
"1","                 "
"1","                "
"1","               "
"1","               "
"1","               "
"1","                   "
"1","
"
"1",""
"1"," Exterior1st       "
"1"," Exterior2nd       "
"1","   MasVnrType  "
"1","   MasVnrArea    "
"1"," ExterQual"
"1"," ExterCond"
"1","
"
"1"," Length:2919       "
"1"," Length:2919       "
"1"," BrkCmn :  25  "
"1"," Min.   :   0.0  "
"1"," Ex: 107  "
"1"," Ex:  12  "
"1","
"
"1"," Class :character  "
"1"," Class :character  "
"1"," BrkFace: 879  "
"1"," 1st Qu.:   0.0  "
"1"," Fa:  35  "
"1"," Fa:  67  "
"1","
"
"1"," Mode  :character  "
"1"," Mode  :character  "
"1"," None   :1742  "
"1"," Median :   0.0  "
"1"," Gd: 979  "
"1"," Gd: 299  "
"1","
"
"1","                   "
"1","                   "
"1"," Stone  : 249  "
"1"," Mean   : 102.2  "
"1"," TA:1798  "
"1"," Po:   3  "
"1","
"
"1","                   "
"1","                   "
"1"," NA's   :  24  "
"1"," 3rd Qu.: 164.0  "
"1","          "
"1"," TA:2538  "
"1","
"
"1","                   "
"1","                   "
"1","               "
"1"," Max.   :1600.0  "
"1","          "
"1","          "
"1","
"
"1","                   "
"1","                   "
"1","               "
"1"," NA's   :23      "
"1","          "
"1","          "
"1","
"
"1",""
"1","  Foundation  "
"1"," BsmtQual   "
"1"," BsmtCond   "
"1"," BsmtExposure"
"1"," BsmtFinType1"
"1","   BsmtFinSF1    "
"1"," BsmtFinType2"
"1","
"
"1"," BrkTil: 311  "
"1"," Ex  : 258  "
"1"," Fa  : 104  "
"1"," Av  : 418   "
"1"," ALQ :429    "
"1"," Min.   :   0.0  "
"1"," ALQ :  52   "
"1","
"
"1"," CBlock:1235  "
"1"," Fa  :  88  "
"1"," Gd  : 122  "
"1"," Gd  : 276   "
"1"," BLQ :269    "
"1"," 1st Qu.:   0.0  "
"1"," BLQ :  68   "
"1","
"
"1"," PConc :1308  "
"1"," Gd  :1209  "
"1"," Po  :   5  "
"1"," Mn  : 239   "
"1"," GLQ :849    "
"1"," Median : 368.5  "
"1"," GLQ :  34   "
"1","
"
"1"," Slab  :  49  "
"1"," TA  :1283  "
"1"," TA  :2606  "
"1"," No  :1904   "
"1"," LwQ :154    "
"1"," Mean   : 441.4  "
"1"," LwQ :  87   "
"1","
"
"1"," Stone :  11  "
"1"," NA's:  81  "
"1"," NA's:  82   "
"1"," Rec :288    "
"1"," Rec : 105   "
"1","
"
"1"," Wood  :   5  "
"1","            "
"1","            "
"1","             "
"1"," Unf :851    "
"1"," Max.   :5644.0  "
"1"," Unf :2493   "
"1","
"
"1","              "
"1","            "
"1","            "
"1","             "
"1"," NA's: 79    "
"1"," NA's   :1       "
"1"," NA's:  80   "
"1","
"
"1",""
"1","   BsmtFinSF2     "
"1","   BsmtUnfSF     "
"1","  TotalBsmtSF    "
"1","   Heating         "
"1"," HeatingQC"
"1"," CentralAir"
"1","
"
"1"," Min.   :   0.00  "
"1"," Min.   :   0.0  "
"1"," Min.   :   0.0  "
"1"," Length:2919       "
"1"," Ex:1493  "
"1"," N: 196    "
"1","
"
"1"," 1st Qu.:   0.00  "
"1"," 1st Qu.: 220.0  "
"1"," 1st Qu.: 793.0  "
"1"," Class :character  "
"1"," Fa:  92  "
"1"," Y:2723    "
"1","
"
"1"," Median :   0.00  "
"1"," Median : 467.0  "
"1"," Median : 989.5  "
"1"," Mode  :character  "
"1"," Gd: 474  "
"1","           "
"1","
"
"1"," Mean   :  49.58  "
"1"," Mean   : 560.8  "
"1"," Mean   :1051.8  "
"1","                   "
"1"," Po:   3  "
"1","           "
"1","
"
"1"," 3rd Qu.:   0.00  "
"1"," 3rd Qu.: 805.5  "
"1"," 3rd Qu.:1302.0  "
"1","                   "
"1"," TA: 857  "
"1","           "
"1","
"
"1"," Max.   :1526.00  "
"1"," Max.   :2336.0  "
"1"," Max.   :6110.0  "
"1","                   "
"1","          "
"1","           "
"1","
"
"1"," NA's   :1        "
"1"," NA's   :1       "
"1"," NA's   :1       "
"1","                   "
"1","          "
"1","           "
"1","
"
"1",""
"1","  Electrical       "
"1","   X1stFlrSF   "
"1","   X2ndFlrSF     "
"1","  LowQualFinSF     "
"1","   GrLivArea   "
"1","
"
"1"," Length:2919       "
"1"," Min.   : 334  "
"1"," Min.   :   0.0  "
"1"," Min.   :   0.000  "
"1"," Min.   : 334  "
"1","
"
"1"," Class :character  "
"1"," 1st Qu.: 876  "
"1"," 1st Qu.:   0.0  "
"1"," 1st Qu.:   0.000  "
"1"," 1st Qu.:1126  "
"1","
"
"1"," Mode  :character  "
"1"," Median :1082  "
"1"," Median :   0.0  "
"1"," Median :   0.000  "
"1"," Median :1444  "
"1","
"
"1","                   "
"1"," Mean   :1160  "
"1"," Mean   : 336.5  "
"1"," Mean   :   4.694  "
"1"," Mean   :1501  "
"1","
"
"1","                   "
"1"," 3rd Qu.:1388  "
"1"," 3rd Qu.: 704.0  "
"1"," 3rd Qu.:   0.000  "
"1"," 3rd Qu.:1744  "
"1","
"
"1","                   "
"1"," Max.   :5095  "
"1"," Max.   :2065.0  "
"1"," Max.   :1064.000  "
"1"," Max.   :5642  "
"1","
"
"1","                   "
"1","               "
"1","                 "
"1","                   "
"1","               "
"1","
"
"1",""
"1","  BsmtFullBath   "
"1","  BsmtHalfBath    "
"1","    FullBath    "
"1","    HalfBath     "
"1","  BedroomAbvGr "
"1","  KitchenAbvGr  "
"1","
"
"1"," Min.   :0.0000  "
"1"," Min.   :0.00000  "
"1"," Min.   :0.000  "
"1"," Min.   :0.0000  "
"1"," Min.   :0.00  "
"1"," Min.   :0.000  "
"1","
"
"1"," 1st Qu.:0.0000  "
"1"," 1st Qu.:0.00000  "
"1"," 1st Qu.:1.000  "
"1"," 1st Qu.:0.0000  "
"1"," 1st Qu.:2.00  "
"1"," 1st Qu.:1.000  "
"1","
"
"1"," Median :0.0000  "
"1"," Median :0.00000  "
"1"," Median :2.000  "
"1"," Median :0.0000  "
"1"," Median :3.00  "
"1"," Median :1.000  "
"1","
"
"1"," Mean   :0.4299  "
"1"," Mean   :0.06136  "
"1"," Mean   :1.568  "
"1"," Mean   :0.3803  "
"1"," Mean   :2.86  "
"1"," Mean   :1.045  "
"1","
"
"1"," 3rd Qu.:1.0000  "
"1"," 3rd Qu.:0.00000  "
"1"," 3rd Qu.:2.000  "
"1"," 3rd Qu.:1.0000  "
"1"," 3rd Qu.:3.00  "
"1"," 3rd Qu.:1.000  "
"1","
"
"1"," Max.   :3.0000  "
"1"," Max.   :2.00000  "
"1"," Max.   :4.000  "
"1"," Max.   :2.0000  "
"1"," Max.   :8.00  "
"1"," Max.   :3.000  "
"1","
"
"1"," NA's   :2       "
"1"," NA's   :2        "
"1","                 "
"1","               "
"1","                "
"1","
"
"1",""
"1"," KitchenQual"
"1","  TotRmsAbvGrd   "
"1","   Functional  "
"1","   Fireplaces    "
"1"," FireplaceQu"
"1","   GarageType  "
"1","
"
"1"," Ex  : 205  "
"1"," Min.   : 2.000  "
"1"," Typ    :2717  "
"1"," 2Types :  23  "
"1","
"
"1"," Fa  :  70  "
"1"," 1st Qu.: 5.000  "
"1"," Min2   :  70  "
"1"," 1st Qu.:0.0000  "
"1"," Fa  :  74  "
"1"," Attchd :1723  "
"1","
"
"1"," Gd  :1151  "
"1"," Median : 6.000  "
"1"," Min1   :  65  "
"1"," Median :1.0000  "
"1"," Gd  : 744  "
"1"," Basment:  36  "
"1","
"
"1"," TA  :1492  "
"1"," Mean   : 6.452  "
"1"," Mod    :  35  "
"1"," Mean   :0.5971  "
"1"," Po  :  46  "
"1"," BuiltIn: 186  "
"1","
"
"1"," NA's:   1  "
"1"," 3rd Qu.: 7.000  "
"1"," Maj1   :  19  "
"1"," 3rd Qu.:1.0000  "
"1"," TA  : 592  "
"1"," CarPort:  15  "
"1","
"
"1","            "
"1"," Max.   :15.000  "
"1"," (Other):  11  "
"1"," Max.   :4.0000  "
"1"," NA's:1420  "
"1"," Detchd : 779  "
"1","
"
"1","            "
"1","                 "
"1"," NA's   :   2  "
"1","                 "
"1","            "
"1"," NA's   : 157  "
"1","
"
"1",""
"1","  GarageYrBlt  "
"1"," GarageFinish"
"1","   GarageCars   "
"1","   GarageArea    "
"1","  GarageQual       "
"1"," GarageCond "
"1","
"
"1"," Min.   :1895  "
"1"," Fin : 719   "
"1"," Min.   :0.000  "
"1"," Min.   :   0.0  "
"1"," Length:2919       "
"1"," Ex  :   3  "
"1","
"
"1"," 1st Qu.:1960  "
"1"," RFn : 811   "
"1"," 1st Qu.:1.000  "
"1"," 1st Qu.: 320.0  "
"1"," Class :character  "
"1"," Fa  :  74  "
"1","
"
"1"," Median :1979  "
"1"," Unf :1230   "
"1"," Median :2.000  "
"1"," Median : 480.0  "
"1"," Mode  :character  "
"1"," Gd  :  15  "
"1","
"
"1"," Mean   :1978  "
"1"," NA's: 159   "
"1"," Mean   :1.767  "
"1"," Mean   : 472.9  "
"1","                   "
"1"," Po  :  14  "
"1","
"
"1"," 3rd Qu.:2002  "
"1","             "
"1"," 3rd Qu.:2.000  "
"1"," 3rd Qu.: 576.0  "
"1","                   "
"1"," TA  :2654  "
"1","
"
"1"," Max.   :2207  "
"1","             "
"1"," Max.   :5.000  "
"1"," Max.   :1488.0  "
"1","                   "
"1"," NA's: 159  "
"1","
"
"1"," NA's   :159   "
"1","             "
"1"," NA's   :1      "
"1"," NA's   :1       "
"1","                   "
"1","            "
"1","
"
"1",""
"1"," PavedDrive"
"1","   WoodDeckSF     "
"1","  OpenPorchSF    "
"1"," EnclosedPorch   "
"1","   X3SsnPorch     "
"1","  ScreenPorch    "
"1","
"
"1"," N: 216    "
"1"," Min.   :   0.00  "
"1"," Min.   :  0.00  "
"1"," Min.   :   0.0  "
"1"," Min.   :  0.000  "
"1"," Min.   :  0.00  "
"1","
"
"1"," P:  62    "
"1"," 1st Qu.:   0.00  "
"1"," 1st Qu.:  0.00  "
"1"," 1st Qu.:   0.0  "
"1"," 1st Qu.:  0.000  "
"1"," 1st Qu.:  0.00  "
"1","
"
"1"," Y:2641    "
"1"," Median :   0.00  "
"1"," Median : 26.00  "
"1"," Median :   0.0  "
"1"," Median :  0.000  "
"1"," Median :  0.00  "
"1","
"
"1","           "
"1"," Mean   :  93.71  "
"1"," Mean   : 47.49  "
"1"," Mean   :  23.1  "
"1"," Mean   :  2.602  "
"1"," Mean   : 16.06  "
"1","
"
"1","           "
"1"," 3rd Qu.: 168.00  "
"1"," 3rd Qu.: 70.00  "
"1"," 3rd Qu.:   0.0  "
"1"," 3rd Qu.:  0.000  "
"1"," 3rd Qu.:  0.00  "
"1","
"
"1","           "
"1"," Max.   :1424.00  "
"1"," Max.   :742.00  "
"1"," Max.   :1012.0  "
"1"," Max.   :508.000  "
"1"," Max.   :576.00  "
"1","
"
"1","           "
"1","                  "
"1","                 "
"1","                 "
"1","                  "
"1","                 "
"1","
"
"1",""
"1","    PoolArea      "
"1","    PoolQC         "
"1","   Fence     "
"1"," MiscFeature       "
"1","    MiscVal        "
"1","
"
"1"," Min.   :  0.000  "
"1"," Length:2919       "
"1"," GdPrv: 118  "
"1"," Length:2919       "
"1"," Min.   :    0.00  "
"1","
"
"1"," 1st Qu.:  0.000  "
"1"," Class :character  "
"1"," GdWo : 112  "
"1"," Class :character  "
"1"," 1st Qu.:    0.00  "
"1","
"
"1"," Median :  0.000  "
"1"," Mode  :character  "
"1"," MnPrv: 329  "
"1"," Mode  :character  "
"1"," Median :    0.00  "
"1","
"
"1"," Mean   :  2.252  "
"1","                   "
"1"," MnWw :  12  "
"1","                   "
"1"," Mean   :   50.83  "
"1","
"
"1"," 3rd Qu.:  0.000  "
"1","                   "
"1"," NA's :2348  "
"1","
"
"1"," Max.   :800.000  "
"1","                   "
"1","             "
"1","                   "
"1"," Max.   :17000.00  "
"1","
"
"1","                  "
"1","                   "
"1","             "
"1","                   "
"1","                   "
"1","
"
"1",""
"1","     MoSold      "
"1","     YrSold    "
"1","    SaleType   "
"1"," SaleCondition "
"1","
"
"1"," Min.   : 1.000  "
"1"," Min.   :2006  "
"1"," WD     :2525  "
"1"," Abnorml: 190  "
"1","
"
"1"," 1st Qu.: 4.000  "
"1"," 1st Qu.:2007  "
"1"," New    : 239  "
"1"," AdjLand:  12  "
"1","
"
"1"," Median : 6.000  "
"1"," Median :2008  "
"1"," COD    :  87  "
"1"," Alloca :  24  "
"1","
"
"1"," Mean   : 6.213  "
"1"," Mean   :2008  "
"1"," ConLD  :  26  "
"1"," Family :  46  "
"1","
"
"1"," 3rd Qu.: 8.000  "
"1"," 3rd Qu.:2009  "
"1"," CWD    :  12  "
"1"," Normal :2402  "
"1","
"
"1"," Max.   :12.000  "
"1"," Max.   :2010  "
"1"," (Other):  29  "
"1"," Partial: 245  "
"1","
"
"1","                 "
"1","               "
"1"," NA's   :   1  "
"1","               "
"1","
"
