"0","summary(dsDataAll$MiscVal)"
"1","    Min. "
"1"," 1st Qu. "
"1","  Median "
"1","    Mean "
"1"," 3rd Qu. "
"1","    Max. "
"1","
"
"1","    0.00 "
"1","    0.00 "
"1","    0.00 "
"1","   50.86 "
"1","    0.00 "
"1","17000.00 "
"1","
"
"0","var <- ""MiscVal"""
"0",""
"0","a <- dsDataAll %>% "
"0","    select(var) %>% "
"0","    filter(get(var)!=0) "
"0",""
"0","summary(a$MiscVal)"
"1","   Min. "
"1","1st Qu. "
"1"," Median "
"1","   Mean "
"1","3rd Qu. "
"1","   Max. "
"1","
"
"1","     54 "
"1","    450 "
"1","    600 "
"1","   1440 "
"1","   1200 "
"1","  17000 "
"1","
"
"0","# Comparo con otras variables "
"0","# la clase de construcci√≥n / tipo de vivienda / estilo de vivienda / superficie habitable / precio de venta"
"0","plot_grid("
"0","  ggplot(a, aes(y = get(var))) + geom_boxplot()"
"0","  ,ggplot(dsDataAll, aes(x=get(var), y=GrLivArea)) + geom_point()"
"0","  ,ggplot(dsDataAll, aes(x=get(var), y=SalePrice)) + geom_point() #solo conjunto TRAIN al estar SalePrice NA en test "
"0","  ,ncol=2)"
