"0","summary(dsDataAll$GarageArea)"
"1","   Min. "
"1","1st Qu. "
"1"," Median "
"1","   Mean "
"1","3rd Qu. "
"1","   Max. "
"1","
"
"1","    0.0 "
"1","  320.0 "
"1","  480.0 "
"1","  472.2 "
"1","  576.0 "
"1"," 1488.0 "
"1","
"
"0","var <- ""GarageArea"""
"0",""
"0","a <- dsDataAll %>% "
"0","    select(var) %>% "
"0","    filter(get(var)!=0) "
"0",""
"0","summary(a$GarageArea)"
"1","   Min. "
"1","1st Qu. "
"1"," Median "
"1","   Mean "
"1","3rd Qu. "
"1","   Max. "
"1","
"
"1","  100.0 "
"1","  364.0 "
"1","  484.0 "
"1","  499.3 "
"1","  582.5 "
"1"," 1488.0 "
"1","
"
"0","# Comparo con otras variables "
"0","# la clase de construcci√≥n / tipo de vivienda / estilo de vivienda / superficie habitable / precio de venta"
"0","plot_grid("
"0","  ggplot(a, aes(y = get(var))) + geom_boxplot()"
"0","  ,ggplot(dsDataAll, aes(x=get(var), y=GrLivArea)) + geom_point()"
"0","  ,ggplot(dsDataAll, aes(x=get(var), y=X1stFlrSF)) + geom_point() "
"0","  ,ggplot(dsDataAll, aes(x=get(var), y=SalePrice)) + geom_point() #solo conjunto TRAIN al estar SalePrice NA en test "
"0","  ,ncol=2)"
